{
  "Acton Town": 974.0175080000001,
  "Alperton": 240.97734180000006,
  "Arnos Grove": 295.57172764000006,
  "Arsenal": 238.11115420000002,
  "Barons Court": 632.6740348000001,
  "Boston Manor": 172.8705248,
  "Bounds Green": 405.7351406,
  "Caledonian Road": 375.30618960000004,
  "Cockfosters": 114.0664976,
  "Covent Garden": 1076.04072,
  "Ealing Common": 141.631934,
  "Earl's Court": 1226.7110559999999,
  "Eastcote": 72.90781262000002,
  "Finsbury Park LU": 1890.075746,
  "Gloucester Road": 512.5798432,
  "Green Park": 1391.5578100000002,
  "Hammersmith (DIS)": 1562.990308,
  "Hatton Cross": 220.2329642,
  "Heathrow Terminal 4 LU": 99.5276916,
  "Heathrow Terminal 5 LU": 213.1693114,
  "Heathrow Terminals 123 LU": 317.06267532,
  "Hillingdon": 43.539976412000016,
  "Holborn": 1576.2755520000003,
  "Holloway Road": 425.87351699999994,
  "Hounslow Central": 256.62964003999997,
  "Hounslow East": 286.011511,
  "Hounslow West": 195.48023666,
  "Hyde Park Corner": 349.5066972,
  "Ickenham": 33.80880582,
  "King's Cross St. Pancras": 2015.835052,
  "Knightsbridge": 1168.06886,
  "Leicester Square": 1483.70044,
  "Manor House": 501.86752060000003,
  "North Ealing": 88.83262388,
  "Northfields": 314.3688432,
  "Oakwood": 200.98161761199998,
  "Osterley": 173.05732324000002,
  "Park Royal": 157.85706348000002,
  "Piccadilly Circus": 1486.093096,
  "Rayners Lane": 228.98526311999996,
  "Ruislip": 39.06740604,
  "Ruislip Manor": 55.534131380000005,
  "Russell Square": 626.346439,
  "South Ealing": 181.10864942,
  "South Harrow": 180.20203945999998,
  "South Kensington": 871.7555138,
  "Southgate": 363.88520547999997,
  "Sudbury Hill": 158.00229050000002,
  "Sudbury Town": 164.61570712000002,
  "Turnham Green": 158.30520292,
  "Turnpike Lane": 701.0463854000001,
  "Uxbridge": 145.5136544,
  "Wood Green": 736.4797046
}